id,name,artists,album,release_date,duration_ms,popularity,external_url,genre
04emojnbYkrRmv5qtJcgVP,What I Want (feat. Tate McRae),"Morgan Wallen, Tate McRae",I’m The Problem,2025-05-16,184517,89,https://open.spotify.com/track/04emojnbYkrRmv5qtJcgVP,Country
0qmhTHMVxnXRmT5N92wTD9,Bloodline (with Jelly Roll),"Alex Warren, Jelly Roll",Bloodline (with Jelly Roll),2025-05-22,182008,85,https://open.spotify.com/track/0qmhTHMVxnXRmT5N92wTD9,Country
2uqYupMHANxnwgeiXTZXzd,Austin (Boots Stop Workin'),Dasha,What Happens Now?,2024-02-16,171782,86,https://open.spotify.com/track/2uqYupMHANxnwgeiXTZXzd,Country
2FQrifJ1N335Ljm3TjTVVf,A Bar Song (Tipsy),Shaboozey,A Bar Song (Tipsy),2024-04-12,171291,85,https://open.spotify.com/track/2FQrifJ1N335Ljm3TjTVVf,Country
416qRAJLm9OZmYvuu7vZZp,Small Town Anthem,Jimmie Allen,Small Town Anthem,2025-08-06,183440,46,https://open.spotify.com/track/416qRAJLm9OZmYvuu7vZZp,Country
0llPOBVoJYDAtdmVlNE41A,Liar,Jelly Roll,Beautifully Broken,2024-10-10,204933,79,https://open.spotify.com/track/0llPOBVoJYDAtdmVlNE41A,Country
4pkb8SbRGeHAvdb87v9rpf,Miles On It,"Marshmello, Kane Brown",Miles On It,2024-05-03,168355,82,https://open.spotify.com/track/4pkb8SbRGeHAvdb87v9rpf,Country
4LQ8f2xjt7BZ77237E0b3X,Stardust,Gabi Sklar,Stardust,2025-07-18,168224,50,https://open.spotify.com/track/4LQ8f2xjt7BZ77237E0b3X,Country
5IZXB5IKAD2qlvTPJYDCFB,I Had Some Help (Feat. Morgan Wallen),"Post Malone, Morgan Wallen",F-1 Trillion,2024-08-15,178205,85,https://open.spotify.com/track/5IZXB5IKAD2qlvTPJYDCFB,Country
6tWGe6nvXFWT0KhGCXM89q,DEVIL YOU KNOW,Tyler Braden,DEVIL YOU KNOW,2024-02-02,192693,71,https://open.spotify.com/track/6tWGe6nvXFWT0KhGCXM89q,Country
3Rfre3qkrhwdZZ7dyznwbN,Lonely Road (with Jelly Roll),"mgk, Jelly Roll",Lonely Road (with Jelly Roll),2024-07-26,189356,76,https://open.spotify.com/track/3Rfre3qkrhwdZZ7dyznwbN,Country
60E31W18sYm2CprH6sDOhl,Beer 99,Jimmie Allen,Beer 99,2025-08-06,142973,41,https://open.spotify.com/track/60E31W18sYm2CprH6sDOhl,Country
4xwYkOUUKcfhAYRAufyAG3,BETTER DOWN THE LINE,Tom Morgan,BETTER DOWN THE LINE,2025-08-01,208880,54,https://open.spotify.com/track/4xwYkOUUKcfhAYRAufyAG3,Country
1KZG1H1OCugGqIRmk1wF9m,Indigo (feat. Avery Anna),"Sam Barber, Avery Anna",Restless Mind,2024-11-01,286634,84,https://open.spotify.com/track/1KZG1H1OCugGqIRmk1wF9m,Country
6GG4yyk3UATdBfTHVgI8PB,Ain't No Love In Oklahoma (From Twisters: The Album),Luke Combs,Ain't No Love In Oklahoma (From Twisters: The Album),2024-05-16,210950,82,https://open.spotify.com/track/6GG4yyk3UATdBfTHVgI8PB,Country
5ya0TmUQw2wHMkq36rPsnd,World on Fire,Nate Smith,NATE SMITH (DELUXE),2023-04-28,189986,77,https://open.spotify.com/track/5ya0TmUQw2wHMkq36rPsnd,Country
7fveJ3pk1eSfxBdVkzdXZ0,Cowgirls (feat. ERNEST),"Morgan Wallen, ERNEST",One Thing At A Time,2023-03-03,181621,66,https://open.spotify.com/track/7fveJ3pk1eSfxBdVkzdXZ0,Country
0KTsdevsuwkdztD2HocKJV,She's Gone,Jeddy Knox,She's Gone,2024-12-05,217062,52,https://open.spotify.com/track/0KTsdevsuwkdztD2HocKJV,Country
1SBoKG4MjtH2vMUpftdQtc,Beautiful As You,Thomas Rhett,About A Woman,2024-08-23,163894,70,https://open.spotify.com/track/1SBoKG4MjtH2vMUpftdQtc,Country
7hR22TOX3RorxJPcsz5Wbo,Love Somebody,Morgan Wallen,Love Somebody,2024-10-18,204828,79,https://open.spotify.com/track/7hR22TOX3RorxJPcsz5Wbo,Country
6StwwqB84sJeLr7tZDTxEX,Guy For That (Feat. Luke Combs),"Post Malone, Luke Combs",F-1 Trillion,2024-08-15,164011,78,https://open.spotify.com/track/6StwwqB84sJeLr7tZDTxEX,Country
3vqAU08PUq9pC2MMObvCJJ,Cutting Corners,Angelica Appelman,Cutting Corners,2025-08-01,184286,41,https://open.spotify.com/track/3vqAU08PUq9pC2MMObvCJJ,Country
7lCs3stpWCtAn5Y2lmnPhV,I Ain't Sayin',Jordan Davis,I Ain't Sayin',2024-07-26,174060,75,https://open.spotify.com/track/7lCs3stpWCtAn5Y2lmnPhV,Country
5JRYVSZ6K2jY0kznYBmoqr,Wind Up Missin' You,Tucker Wetmore,Wind Up Missin' You,2024-03-29,166040,2,https://open.spotify.com/track/5JRYVSZ6K2jY0kznYBmoqr,Country
36wAwEkSDpNQ4oQeRLYC3L,Am I Okay?,Megan Moroney,Am I Okay?,2024-07-12,235002,77,https://open.spotify.com/track/36wAwEkSDpNQ4oQeRLYC3L,Country
4JSiUsC2iP6ni8SCwIDhyl,Dancing with the devil,Haleigh Martin,State of Mine,2025-08-08,211779,45,https://open.spotify.com/track/4JSiUsC2iP6ni8SCwIDhyl,Country
78DcrUOhBhVod09vFiXn7P,Relapse,Warren Zeiders,Relapse,2024-08-23,158634,75,https://open.spotify.com/track/78DcrUOhBhVod09vFiXn7P,Country
3HlWVKwU0JqJXqJK9DWHnZ,I'm The Problem,Morgan Wallen,I'm The Problem,2025-01-31,177811,75,https://open.spotify.com/track/3HlWVKwU0JqJXqJK9DWHnZ,Country
61SRKyox0R9jCzci4JXKBS,What He'll Never Have,Dylan Scott,Livin' My Best Life (Still),2024-03-29,153906,76,https://open.spotify.com/track/61SRKyox0R9jCzci4JXKBS,Country
0G3fI2EvhLAtBKZ66Tow9V,Young Love & Saturday Nights,Chris Young,Young Love & Saturday Nights,2024-03-22,196373,63,https://open.spotify.com/track/0G3fI2EvhLAtBKZ66Tow9V,Country
1FhgmMvNlh3nJ1Ldc2eE6H,High Road (feat. Jessie Murph),"Koe Wetzel, Jessie Murph",9 Lives,2024-07-19,179413,80,https://open.spotify.com/track/1FhgmMvNlh3nJ1Ldc2eE6H,Country
1osfLqL6L2iQsirRf83ded,Worst Way,Riley Green,Way Out Here,2024-04-12,220558,83,https://open.spotify.com/track/1osfLqL6L2iQsirRf83ded,Country
3En0ScvZzc38uH8SE9Js8q,Your Whiskey,Stephanie Ryann,Your Whiskey,2025-08-08,173473,44,https://open.spotify.com/track/3En0ScvZzc38uH8SE9Js8q,Country
1Lo0QY9cvc8sUB2vnIOxDT,Fast Car,Luke Combs,Gettin' Old,2023-03-24,265493,82,https://open.spotify.com/track/1Lo0QY9cvc8sUB2vnIOxDT,Country
59uQI0PADDKeE6UZDTJEe8,Last Night,Morgan Wallen,3 Songs At A Time Sampler,2023-01-31,163854,60,https://open.spotify.com/track/59uQI0PADDKeE6UZDTJEe8,Country
2z5t8IRRtt5vwkSzP9umJo,your place,Ashley Cooke,shot in the dark,2023-07-21,182086,2,https://open.spotify.com/track/2z5t8IRRtt5vwkSzP9umJo,Country
4JEPMdMizbAWlaCtLaTjvT,Heartbreaker,Warren Zeiders,Pretty Little Poison (Deluxe),2024-02-16,222466,0,https://open.spotify.com/track/4JEPMdMizbAWlaCtLaTjvT,Country
4ZJ4vzLQekI0WntDbanNC7,Pink Skies,Zach Bryan,Pink Skies,2024-05-24,194920,85,https://open.spotify.com/track/4ZJ4vzLQekI0WntDbanNC7,Country
3nhRQUhbbeck8IVzPj0drl,Hell On Women & Horses,Kalyn Beasley,Hell On Women & Horses,2025-08-08,303980,48,https://open.spotify.com/track/3nhRQUhbbeck8IVzPj0drl,Country
1ncsNhJGS3CyT7EEttA3or,Bout Damn Did,Bradley Gaskin,Unfinished Business,2025-04-04,182480,49,https://open.spotify.com/track/1ncsNhJGS3CyT7EEttA3or,Country
0hQyFpC8af9Dj89fEYkXPG,ghost in my guitar (feat. Chris Stapleton),"Alana Springsteen, Chris Stapleton",TWENTY SOMETHING,2023-08-18,200893,64,https://open.spotify.com/track/0hQyFpC8af9Dj89fEYkXPG,Country
67IfTiMwPNN0wQE7Scfzu9,Looking for You,Chris Young,Looking for You + All Dogs Go to Heaven,2023-01-13,179973,60,https://open.spotify.com/track/67IfTiMwPNN0wQE7Scfzu9,Country
3Sg0jiuv2ckmxTBX4tLJQq,Just Like Johnny,Redferrin,Old No. 7,2024-02-16,199392,76,https://open.spotify.com/track/3Sg0jiuv2ckmxTBX4tLJQq,Country
2MmZ8dY74ZaC44NimMxswN,Heartbreak Is My Hometown,Clayton Hackle,Heartbreak Is My Hometown,2025-08-15,206146,0,https://open.spotify.com/track/2MmZ8dY74ZaC44NimMxswN,Country
0mNzElhEofvgMWAJoOA4q9,Pour Me A Drink (Feat. Blake Shelton),"Post Malone, Blake Shelton",F-1 Trillion,2024-08-15,195122,74,https://open.spotify.com/track/0mNzElhEofvgMWAJoOA4q9,Country
2eGvz6O6tVnh9nKiitDEhZ,I Can Feel It,Kane Brown,I Can Feel It,2023-09-21,163600,63,https://open.spotify.com/track/2eGvz6O6tVnh9nKiitDEhZ,Country
7wLShogStyDeZvL0a6daN5,TEXAS HOLD 'EM,Beyoncé,COWBOY CARTER,2024-03-29,233456,74,https://open.spotify.com/track/7wLShogStyDeZvL0a6daN5,Country
5Xv50qxqlr0w9GAcFyDUrH,Ashes,Tori Darke,Ashes,2025-07-31,162773,48,https://open.spotify.com/track/5Xv50qxqlr0w9GAcFyDUrH,Country
5kB6WithhB8Iv08EMNmAbt,Memory Lane,Old Dominion,Memory Lane,2023-01-05,172480,67,https://open.spotify.com/track/5kB6WithhB8Iv08EMNmAbt,Country
3eNOyXmzuA46bUvi8FkIoW,Mamaw's House,"Thomas Rhett, Morgan Wallen",Mamaw's House,2023-09-28,187269,64,https://open.spotify.com/track/3eNOyXmzuA46bUvi8FkIoW,Country
6AI3ezQ4o3HUoP6Dhudph3,Not Like Us,Kendrick Lamar,Not Like Us,2024-05-04,274192,89,https://open.spotify.com/track/6AI3ezQ4o3HUoP6Dhudph3,Hip-Hop
1eTaznNW4Xxtx9za2SMTXB,DENIAL IS A RIVER,Doechii,Alligator Bites Never Heal,2024-08-30,159586,81,https://open.spotify.com/track/1eTaznNW4Xxtx9za2SMTXB,Hip-Hop
0aB0v4027ukVziUGwVGYpG,tv off (feat. lefty gunplay),"Kendrick Lamar, Lefty Gunplay",GNX,2024-11-22,220690,87,https://open.spotify.com/track/0aB0v4027ukVziUGwVGYpG,Hip-Hop
0OA00aPt3BV10qeMIs3meW,Big Dawgs,"Hanumankind, Kalmi",Big Dawgs,2024-07-09,190666,79,https://open.spotify.com/track/0OA00aPt3BV10qeMIs3meW,Hip-Hop
5xeSd4HgzrYpNLEf3LfYLK,WHATCHU KNO ABOUT ME (feat. Sexyy Red),"GloRilla, Sexyy Red",GLORIOUS,2024-10-11,149461,77,https://open.spotify.com/track/5xeSd4HgzrYpNLEf3LfYLK,Hip-Hop
3sZQ8L4aptFDJXBqdVdvO8,Run It Up,Hanumankind,Run It Up,2025-03-06,173502,70,https://open.spotify.com/track/3sZQ8L4aptFDJXBqdVdvO8,Hip-Hop
0nj9Bq5sHDiTxSHunhgkFb,squabble up,Kendrick Lamar,GNX,2024-11-22,157992,82,https://open.spotify.com/track/0nj9Bq5sHDiTxSHunhgkFb,Hip-Hop
2HYFX63wP3otVIvopRS99Z,Houdini,Eminem,Houdini,2024-05-31,227239,77,https://open.spotify.com/track/2HYFX63wP3otVIvopRS99Z,Hip-Hop
2QxekHjOYDnzNO5w8hu2D9,Empty Out Your Pockets,Juice WRLD,The Party Never Ends 2.0,2024-11-30,135653,76,https://open.spotify.com/track/2QxekHjOYDnzNO5w8hu2D9,Hip-Hop
2tudvzsrR56uom6smgOcSf,Like That,"Future, Metro Boomin, Kendrick Lamar",WE DON'T TRUST YOU,2024-03-22,267706,83,https://open.spotify.com/track/2tudvzsrR56uom6smgOcSf,Hip-Hop
7mOC6phfrfz3jfigg1aGsE,Wanna Be (with Megan Thee Stallion),"GloRilla, Megan Thee Stallion",Ehhthang Ehhthang,2024-04-05,156444,72,https://open.spotify.com/track/7mOC6phfrfz3jfigg1aGsE,Hip-Hop
2Uts1QFB4u2YNIMiqcb4de,peekaboo (feat. azchike),"Kendrick Lamar, AZ Chike",GNX,2024-11-22,155917,79,https://open.spotify.com/track/2Uts1QFB4u2YNIMiqcb4de,Hip-Hop
3tFed7YsjGnIfxeLEQwx3R,"Sticky (feat. GloRilla, Sexyy Red & Lil Wayne)","Tyler, The Creator, GloRilla, Sexyy Red, Lil Wayne",CHROMAKOPIA,2024-10-28,255915,82,https://open.spotify.com/track/3tFed7YsjGnIfxeLEQwx3R,Hip-Hop
1LjSbD1yQ0RQc6mwxGHw4m,Ms. Whitman,Bhad Bhabie,Ms. Whitman,2025-02-25,126036,72,https://open.spotify.com/track/1LjSbD1yQ0RQc6mwxGHw4m,Hip-Hop
28drn6tQo95MRvO0jQEo5C,Type Shit,"Future, Metro Boomin, Travis Scott, Playboi Carti",WE DON'T TRUST YOU,2024-03-22,228266,81,https://open.spotify.com/track/28drn6tQo95MRvO0jQEo5C,Hip-Hop
4IlbjcbLvNQEzmCI2eXVLP,Went Legit,G Herbo,Greatest Rapper Alive,2025-04-09,140487,64,https://open.spotify.com/track/4IlbjcbLvNQEzmCI2eXVLP,Hip-Hop
1GpDcABDptCpIOALmD2S5f,I LUV HER (wth T-Pain),"GloRilla, T-Pain",I LUV HER (wth T-Pain),2024-10-10,176000,58,https://open.spotify.com/track/1GpDcABDptCpIOALmD2S5f,Hip-Hop
2u9S9JJ6hTZS3Vf22HOZKg,NOKIA,Drake,$ome $exy $ongs 4 U,2025-02-14,241023,88,https://open.spotify.com/track/2u9S9JJ6hTZS3Vf22HOZKg,Hip-Hop
0tNmqPu4DwGKXCIOpV2USh,THAT GUY,"etmnx, 20keazyy",THAT GUY,2024-12-25,174072,1,https://open.spotify.com/track/0tNmqPu4DwGKXCIOpV2USh,Hip-Hop
2EKL77lwxvo615Ga7VjEUl,him all along,Gunna,him all along,2024-10-18,158666,73,https://open.spotify.com/track/2EKL77lwxvo615Ga7VjEUl,Hip-Hop
0U60hgxzGit7juEuHul2y3,25,Rod Wave,Last Lap,2024-10-11,180000,71,https://open.spotify.com/track/0U60hgxzGit7juEuHul2y3,Hip-Hop
487JCvAXVblflZyDJn3fSp,Help Me,Real Boston Richey,Help Me,2024-05-31,181165,64,https://open.spotify.com/track/487JCvAXVblflZyDJn3fSp,Hip-Hop
0QRhtV1MwywpkLTvCdMaWq,Lady Killers II (Christoph Andersson Remix),"G-Eazy, Christoph Andersson",Lady Killers II (Christoph Andersson Remix),2024-03-17,297794,2,https://open.spotify.com/track/0QRhtV1MwywpkLTvCdMaWq,Hip-Hop
1F5Qp0SJS0QUfqIoQggrLz,The Largest,BigXthaPlug,The Largest,2024-08-09,132266,68,https://open.spotify.com/track/1F5Qp0SJS0QUfqIoQggrLz,Hip-Hop
56qiAh3R5y85Ng26tkAUD3,TGIF,GloRilla,TGIF (Alternate Versions),2024-06-20,164571,56,https://open.spotify.com/track/56qiAh3R5y85Ng26tkAUD3,Hip-Hop
5pSpNlqyYsSjdVKdrxvgHn,Mo Chicken (feat. French Montana),"BossMan Dlow, French Montana",Dlow Curry,2024-12-13,180063,72,https://open.spotify.com/track/5pSpNlqyYsSjdVKdrxvgHn,Hip-Hop
5XOj1AZvRfL8cTi3GKBLeV,WHIM WHAMIEE,"PLUTO, YKNIECE",WHIM WHAMIEE,2025-02-03,141538,53,https://open.spotify.com/track/5XOj1AZvRfL8cTi3GKBLeV,Hip-Hop
77DRzu7ERs0TX3roZcre7Q,euphoria,Kendrick Lamar,euphoria,2024-04-30,383639,77,https://open.spotify.com/track/77DRzu7ERs0TX3roZcre7Q,Hip-Hop
6zrCf0MGof32vwLPZIZY2S,By Myself (feat. Rod Wave & Rylo Rodriguez),"Lil Baby, Rylo Rodriguez, Rod Wave",WHAM,2025-01-03,197400,4,https://open.spotify.com/track/6zrCf0MGof32vwLPZIZY2S,Hip-Hop
6iycYUk3oB0NPMdaDUrN1w,EVIL J0RDAN,Playboi Carti,MUSIC,2025-03-14,183928,79,https://open.spotify.com/track/6iycYUk3oB0NPMdaDUrN1w,Hip-Hop
6s8WSX1MxNThrot8ThI6fG,4X4,Travis Scott,4X4,2025-01-24,190581,76,https://open.spotify.com/track/6s8WSX1MxNThrot8ThI6fG,Hip-Hop
68qeaZhtMZ6abrJCYt6nQn,RATHER LIE (with The Weeknd),"Playboi Carti, The Weeknd",MUSIC,2025-03-14,209680,81,https://open.spotify.com/track/68qeaZhtMZ6abrJCYt6nQn,Hip-Hop
6D1Pr14PtFHoj6gBEoOfQP,GOT DAMN,Gunna,GOT DAMN,2024-12-20,156800,66,https://open.spotify.com/track/6D1Pr14PtFHoj6gBEoOfQP,Hip-Hop
1SVhTS4l0sLFsP2Abme05l,Just Us (feat. Doja Cat),"Jack Harlow, Doja Cat",Just Us (feat. Doja Cat),2025-03-21,172877,68,https://open.spotify.com/track/1SVhTS4l0sLFsP2Abme05l,Hip-Hop
6wsqVwoiVH2kde4k4KKAFU,I KNOW ?,Travis Scott,UTOPIA,2023-07-28,211582,80,https://open.spotify.com/track/6wsqVwoiVH2kde4k4KKAFU,Hip-Hop
4IKvw1OdeTJIN3g4zWE38f,"Dum, Dumb, and Dumber (with Young Thug & Future)","Lil Baby, Young Thug, Future",WHAM (Extended Version),2025-01-10,227400,71,https://open.spotify.com/track/4IKvw1OdeTJIN3g4zWE38f,Hip-Hop
0SdBkFh6u5IHIXqlBu0NyI,Yeah Glo!,GloRilla,Yeah Glo!,2024-02-09,142702,66,https://open.spotify.com/track/0SdBkFh6u5IHIXqlBu0NyI,Hip-Hop
2MjXWroB9wlTG2kqv3avfS,Get It Sexyy,Sexyy Red,Get It Sexyy,2024-03-15,148551,70,https://open.spotify.com/track/2MjXWroB9wlTG2kqv3avfS,Hip-Hop
7EW7Yivb93qKAtp5qEm5of,Dark Thoughts,Lil Tecca,Dark Thoughts,2025-03-14,136991,83,https://open.spotify.com/track/7EW7Yivb93qKAtp5qEm5of,Hip-Hop
0mpDXW1y4X7MlyPecWAlzJ,BOP (feat. GloRilla),"Big Boogie, DJ Drama, GloRilla",REDRUM Wizard (Gangsta Grillz),2024-02-23,202285,66,https://open.spotify.com/track/0mpDXW1y4X7MlyPecWAlzJ,Hip-Hop
6c0ZIaPptJN77JHXELy8KK,OG CRASHOUT,Bhad Bhabie,OG CRASHOUT,2025-03-13,122331,61,https://open.spotify.com/track/6c0ZIaPptJN77JHXELy8KK,Hip-Hop
608gR8geDwag74CiyseUsH,HEAVY LOVE,Odetari,HEAVY LOVE,2025-02-05,142261,74,https://open.spotify.com/track/608gR8geDwag74CiyseUsH,Hip-Hop
2aYHxnMF2umAavtgBvmkY1,Thought I Was Dead (feat. ScHoolboy Q & Santigold),"Tyler, The Creator, ScHoolboy Q, Santigold",CHROMAKOPIA,2024-10-28,207272,74,https://open.spotify.com/track/2aYHxnMF2umAavtgBvmkY1,Hip-Hop
3yX73YM73j5BF6gIcqZdM7,Mr Pot Scraper,BossMan Dlow,Mr Pot Scraper,2024-02-22,145028,37,https://open.spotify.com/track/3yX73YM73j5BF6gIcqZdM7,Hip-Hop
7pDfRnoEDRkcz7bQsOjnPc,Enough (Miami),Cardi B,Enough (Miami),2024-03-15,158727,65,https://open.spotify.com/track/7pDfRnoEDRkcz7bQsOjnPc,Hip-Hop
5eW508Gq23QlXHowyzW39m,Money On Money (feat. Future),"Young Thug, Future",Money On Money (feat. Future),2025-04-25,236626,75,https://open.spotify.com/track/5eW508Gq23QlXHowyzW39m,Hip-Hop
4KWeGKChLKcnZsj3sIOSkW,Tobey (feat. Big Sean and BabyTron),"Eminem, Big Sean, BabyTron",Tobey (feat. Big Sean and BabyTron),2024-07-02,284892,62,https://open.spotify.com/track/4KWeGKChLKcnZsj3sIOSkW,Hip-Hop
7su15iEo8LuZnZRDFdtsZw,JAN. 31st (my truth),YFN Lucci,JAN. 31st (my truth),2025-05-23,169605,62,https://open.spotify.com/track/7su15iEo8LuZnZRDFdtsZw,Hip-Hop
2YPAdqWqaT5fb6iE8BEZHT,Finest,YoungBoy Never Broke Again,Finest,2025-05-23,201481,62,https://open.spotify.com/track/2YPAdqWqaT5fb6iE8BEZHT,Hip-Hop
53WWD2BBC6Jcip8wy5CniE,cLOUDs,J. Cole,cLOUDs,2025-02-21,242086,70,https://open.spotify.com/track/53WWD2BBC6Jcip8wy5CniE,Hip-Hop
1iZgzgmsFsi0deffe0rleB,Fly Me To The Moon (In Other Words),"Frank Sinatra, Count Basie",It Might As Well Be Swing,1964-08,149640,55,https://open.spotify.com/track/1iZgzgmsFsi0deffe0rleB,Jazz
43iIQbw5hx986dUEZbr3eN,From The Start,Laufey,Bewitched,2023-09-08,169573,84,https://open.spotify.com/track/43iIQbw5hx986dUEZbr3eN,Jazz
1zNXF2svmdlNxfS5XeNUgr,Don't Know Why,Norah Jones,Come Away With Me (Super Deluxe Edition),2002-02-26,186251,77,https://open.spotify.com/track/1zNXF2svmdlNxfS5XeNUgr,Jazz
1AM8QdDFZMq6SrrqUnuQ9P,Feeling Good,Michael Bublé,It's Time,2005-02-08,237333,75,https://open.spotify.com/track/1AM8QdDFZMq6SrrqUnuQ9P,Jazz
6Rqn2GFlmvmV4w9Ala0I1e,Feeling Good,Nina Simone,I Put A Spell On You,1965-06-01,174000,75,https://open.spotify.com/track/6Rqn2GFlmvmV4w9Ala0I1e,Jazz
6jGnykaS6TkWp15utXSAeI,Come Away With Me,Norah Jones,Come Away With Me (Super Deluxe Edition),2002-02-26,198226,74,https://open.spotify.com/track/6jGnykaS6TkWp15utXSAeI,Jazz
4FmCUATNIarCQh72JYdvnm,That's Life,Frank Sinatra,That's Life,1966-11,187040,72,https://open.spotify.com/track/4FmCUATNIarCQh72JYdvnm,Jazz
0KBvapFwuz8gPKu6Gw23WN,Dream A Little Dream Of Me,"Ella Fitzgerald, Louis Armstrong",Ella: The Legendary Decca Recordings,1995-08-29,187693,54,https://open.spotify.com/track/0KBvapFwuz8gPKu6Gw23WN,Jazz
5IIybI1oiOCY3DRUrpQ7zA,La vie en rose,Louis Armstrong,C'est Si Bon,1990-09-06,206826,2,https://open.spotify.com/track/5IIybI1oiOCY3DRUrpQ7zA,Jazz
4QxDOjgpYtQDxxbWPuEJOy,L-O-V-E,Nat King Cole,L-O-V-E,1965-01-11,155306,74,https://open.spotify.com/track/4QxDOjgpYtQDxxbWPuEJOy,Jazz
6cx5CvFhqN19efStehJqoW,Valentine,Laufey,Everything I Know About Love,2022-08-26,168906,77,https://open.spotify.com/track/6cx5CvFhqN19efStehJqoW,Jazz
1hVXZoSAkZ3P5Lp6fKOcgx,Take Five,The Dave Brubeck Quartet,Time Out,1959,324680,48,https://open.spotify.com/track/1hVXZoSAkZ3P5Lp6fKOcgx,Jazz
1qzHqfvKrZWo6dVHM1dXrj,Turn Me On,Norah Jones,Come Away With Me (Super Deluxe Edition),2002-02-26,154800,70,https://open.spotify.com/track/1qzHqfvKrZWo6dVHM1dXrj,Jazz
08PdFBcXzpkn1cWNgmKqhn,Promise,Laufey,Bewitched,2023-09-08,234266,79,https://open.spotify.com/track/08PdFBcXzpkn1cWNgmKqhn,Jazz
3KzgdYUlqV6TOG7JCmx2Wg,Beyond the Sea,Bobby Darin,That's All,1959,172480,71,https://open.spotify.com/track/3KzgdYUlqV6TOG7JCmx2Wg,Jazz
6gfKHUGFBRiGe3bqmnOqFR,The Girl From Ipanema,"Stan Getz, João Gilberto, Astrud Gilberto",Getz / Gilberto,1964-03-01,324600,0,https://open.spotify.com/track/6gfKHUGFBRiGe3bqmnOqFR,Jazz
4hHbeIIKO5Y5uLyIEbY9Gn,Come Fly With Me - Remastered 1998,Frank Sinatra,Come Fly With Me (Expanded Edition),1958,199093,67,https://open.spotify.com/track/4hHbeIIKO5Y5uLyIEbY9Gn,Jazz
6VTbbVjKOC2qWagIDbkJrC,My Baby Just Cares for Me - 2013 Remastered Version,Nina Simone,Little Girl Blue (2013 Remastered Version),1958-06-24,215746,1,https://open.spotify.com/track/6VTbbVjKOC2qWagIDbkJrC,Jazz
3aEJMh1cXKEjgh52claxQp,I've Got You Under My Skin - Remastered 1998,Frank Sinatra,Songs For Swingin' Lovers! (Remastered),1956-03,223760,68,https://open.spotify.com/track/3aEJMh1cXKEjgh52claxQp,Jazz
0elmUoU7eMPwZX1Mw1MnQo,The Way You Look Tonight,Frank Sinatra,"Days Of Wine And Roses, Moon River And Other Academy Award Winners",1964,202160,68,https://open.spotify.com/track/0elmUoU7eMPwZX1Mw1MnQo,Jazz
0sjxRg1VlYfx4YG7uxurrq,I Put A Spell On You,Nina Simone,I Put A Spell On You,1965-06-01,155026,69,https://open.spotify.com/track/0sjxRg1VlYfx4YG7uxurrq,Jazz
0E8q2Fx2XuzXCO2NSAppkR,In A Sentimental Mood,"Duke Ellington, John Coltrane",Duke Ellington & John Coltrane,1963-02,255226,66,https://open.spotify.com/track/0E8q2Fx2XuzXCO2NSAppkR,Jazz
648TTtYB0bH0P8Hfy0FmkL,Unforgettable,Nat King Cole,Unforgettable,1954-01-01,191973,70,https://open.spotify.com/track/648TTtYB0bH0P8Hfy0FmkL,Jazz
3aPlQWU07jGgyHaBHVS5TS,Fever,Peggy Lee,Things Are Swingin',1958-11-03,199600,66,https://open.spotify.com/track/3aPlQWU07jGgyHaBHVS5TS,Jazz
5TNpCThzzXHEipXGKgNG8T,Cheek To Cheek,"Ella Fitzgerald, Louis Armstrong",Ella and Louis,1956-10-01,353266,63,https://open.spotify.com/track/5TNpCThzzXHEipXGKgNG8T,Jazz
0aWMVrwxPNYkKmFthzmpRi,Blue in Green (feat. John Coltrane & Bill Evans),"Miles Davis, John Coltrane, Bill Evans",Kind Of Blue (Legacy Edition),1959-08-17,337733,65,https://open.spotify.com/track/0aWMVrwxPNYkKmFthzmpRi,Jazz
3ZpTyU4mF3PR9jLpFA3AAC,Ain't That A Kick In The Head,"Dean Martin, Nelson Riddle",The Capitol Years,1996-05-30,145800,62,https://open.spotify.com/track/3ZpTyU4mF3PR9jLpFA3AAC,Jazz
2WaYW84yWij5NSCpgSeU2R,You Make Me Feel So Young - Remastered 1998,Frank Sinatra,Songs For Swingin' Lovers! (Remastered),1956-03,177400,64,https://open.spotify.com/track/2WaYW84yWij5NSCpgSeU2R,Jazz
0F845nujLVqCb0XMZCh5Pc,I Fall In Love Too Easily,Chet Baker,Chet Baker Sings,1956,201440,67,https://open.spotify.com/track/0F845nujLVqCb0XMZCh5Pc,Jazz
2gNjmvuQiEd2z9SqyYi8HH,Summertime,"Ella Fitzgerald, Louis Armstrong",Porgy And Bess,1958-01-01,298133,65,https://open.spotify.com/track/2gNjmvuQiEd2z9SqyYi8HH,Jazz
4smkJW6uzoHxGReZqqwHS5,I'll Be Seeing You,Billie Holiday,Billie Holiday,1957-01-01,211533,68,https://open.spotify.com/track/4smkJW6uzoHxGReZqqwHS5,Jazz
3HYnrwZQzPgGZ1mBEhIvvc,Corcovado (Quiet Nights Of Quiet Stars),"Stan Getz, João Gilberto, Astrud Gilberto, Antônio Carlos Jobim",Getz / Gilberto,1964-03-01,256580,0,https://open.spotify.com/track/3HYnrwZQzPgGZ1mBEhIvvc,Jazz
5Xd9NVSspCkmCxa9gSAWu8,"It's Been a Long, Long Time","Harry James, Kitty Kallan","You Want HARRY JAMES & HIS ORCHESTRA Well, Here It Is!",1913,203773,41,https://open.spotify.com/track/5Xd9NVSspCkmCxa9gSAWu8,Jazz
5xRP5iyVdGglqlY4Vcjhkx,Sinnerman,Nina Simone,Pastel Blues,1965-10-01,622000,62,https://open.spotify.com/track/5xRP5iyVdGglqlY4Vcjhkx,Jazz
54h1RKrrFJDsNOfhwmqu9o,In the Mood - Live,Glenn Miller,The Glenn Miller Carnegie Hall Concert (Live),1939,209573,61,https://open.spotify.com/track/54h1RKrrFJDsNOfhwmqu9o,Jazz
5CKHhg31HcYYhwUeeGqvhq,I Wish I Knew How It Would Feel to Be Free,Nina Simone,Silk & Soul (Expanded Edition),1967,188613,62,https://open.spotify.com/track/5CKHhg31HcYYhwUeeGqvhq,Jazz
5zHLswJplBXyPstFSSMIOH,I Wish You Love,Laufey,Typical of Me EP,2021-04-30,155138,70,https://open.spotify.com/track/5zHLswJplBXyPstFSSMIOH,Jazz
3QKJELWORZZ7rUZDWeMWSA,Água de Beber,"Astrud Gilberto, Antônio Carlos Jobim",The Astrud Gilberto Album,1965-01-01,138013,67,https://open.spotify.com/track/3QKJELWORZZ7rUZDWeMWSA,Jazz
4vLYewWIvqHfKtJDk8c8tq,"So What (feat. John Coltrane, Cannonball Adderley & Bill Evans)","Miles Davis, John Coltrane, Cannonball Adderley, Bill Evans",Kind Of Blue (Legacy Edition),1959-08-17,562640,62,https://open.spotify.com/track/4vLYewWIvqHfKtJDk8c8tq,Jazz
1LGqJ3nvxpVXDWpEzq4DJD,All of Me,Billie Holiday,Lady Day: The Complete Billie Holiday On Columbia (1933-1944),1933,181440,61,https://open.spotify.com/track/1LGqJ3nvxpVXDWpEzq4DJD,Jazz
4l9hml2UCnxoNI3yCdL1BW,My Funny Valentine,Chet Baker,Chet Baker Sings,1956,141133,64,https://open.spotify.com/track/4l9hml2UCnxoNI3yCdL1BW,Jazz
4ol2UyMTiklHVujAWg02nE,I Got It Bad And That Ain't Good,Oscar Peterson Trio,Night Train (Expanded Edition),1963-01-01,306226,63,https://open.spotify.com/track/4ol2UyMTiklHVujAWg02nE,Jazz
3CDHydgW0ssTh59f0jy1y3,The Look Of Love,Diana Krall,The Look Of Love,2001-01-01,282000,62,https://open.spotify.com/track/3CDHydgW0ssTh59f0jy1y3,Jazz
1hUXDEqjNIIbfjTcaz3jzb,Like the Movies,Laufey,Typical of Me EP,2021-04-30,162758,67,https://open.spotify.com/track/1hUXDEqjNIIbfjTcaz3jzb,Jazz
66iKqUazBbTlAEjcZrpDkD,What A Diff'rence A Day Made,Dinah Washington,What A Diff'rence A Day Makes! (Expanded Edition),1959-02-19,151866,63,https://open.spotify.com/track/66iKqUazBbTlAEjcZrpDkD,Jazz
1J9iVCaEriyoMXpj2XszhU,When Sunny Gets Blue,McCoy Tyner,Today And Tomorrow,1964,282320,63,https://open.spotify.com/track/1J9iVCaEriyoMXpj2XszhU,Jazz
01hJnhpAmjzg85Etnz2ECH,Body and Soul,"Tony Bennett, Amy Winehouse",Duets II,2011-09-20,200586,59,https://open.spotify.com/track/01hJnhpAmjzg85Etnz2ECH,Jazz
3E5ndyOfO6vFDEIE42HA8o,Mack the Knife,Bobby Darin,That's All,1959,184333,63,https://open.spotify.com/track/3E5ndyOfO6vFDEIE42HA8o,Jazz
1pZn8AX1WulW8IO338hE5D,Blue Moon,Billie Holiday,Solitude,1956-01-01,207826,65,https://open.spotify.com/track/1pZn8AX1WulW8IO338hE5D,Jazz
5y8zb3grlQonjdqd27K39T,A Kiss To Build A Dream On - Single Version,Louis Armstrong,Satchmo Serenades,1952-04-01,181493,63,https://open.spotify.com/track/5y8zb3grlQonjdqd27K39T,Jazz
5vNRhkKd0yEAg8suGBpjeY,APT.,"ROSÉ, Bruno Mars",APT.,2024-10-18,169917,91,https://open.spotify.com/track/5vNRhkKd0yEAg8suGBpjeY,Pop
2plbrEY59IikOBgBGLjaoe,Die With A Smile,"Lady Gaga, Bruno Mars",Die With A Smile,2024-08-16,251667,93,https://open.spotify.com/track/2plbrEY59IikOBgBGLjaoe,Pop
6MrLkXsMmHaYt680fhJUAq,12 to 12,sombr,12 to 12,2025-07-24,242903,86,https://open.spotify.com/track/6MrLkXsMmHaYt680fhJUAq,Pop
4t8xELB3RVb8n7dxaQ1H5I,starman,mgk,lost americana,2025-08-08,217102,71,https://open.spotify.com/track/4t8xELB3RVb8n7dxaQ1H5I,Pop
6dOtVTDdiauQNBQEDOtlAB,BIRDS OF A FEATHER,Billie Eilish,HIT ME HARD AND SOFT,2024-05-17,210373,96,https://open.spotify.com/track/6dOtVTDdiauQNBQEDOtlAB,Pop
4Q0qVhFQa7j6jRKzo3HDmP,Sapphire,Ed Sheeran,Sapphire,2025-06-05,179082,90,https://open.spotify.com/track/4Q0qVhFQa7j6jRKzo3HDmP,Pop
2RkZ5LkEzeHGRsmDqKwmaJ,Ordinary,Alex Warren,"You'll Be Alright, Kid (Chapter 1)",2024-09-26,186964,92,https://open.spotify.com/track/2RkZ5LkEzeHGRsmDqKwmaJ,Pop
3QaPy1KgI7nu9FJEQUgn6h,WILDFLOWER,Billie Eilish,HIT ME HARD AND SOFT,2024-05-17,261466,93,https://open.spotify.com/track/3QaPy1KgI7nu9FJEQUgn6h,Pop
2qSkIjg1o9h3YT9RAgYN75,Espresso,Sabrina Carpenter,Espresso,2024-04-12,175459,87,https://open.spotify.com/track/2qSkIjg1o9h3YT9RAgYN75,Pop
3be9ACTxtcL6Zm4vJRUiPG,blue,yung kai,blue,2024-08-02,214357,88,https://open.spotify.com/track/3be9ACTxtcL6Zm4vJRUiPG,Pop
42UBPzRMh5yyz0EDPr6fr1,Manchild,Sabrina Carpenter,Manchild,2025-06-05,213645,94,https://open.spotify.com/track/42UBPzRMh5yyz0EDPr6fr1,Pop
5ZLUm9eab8y3tqQ1OhQSHI,Abracadabra,Lady Gaga,Abracadabra,2025-02-03,223398,85,https://open.spotify.com/track/5ZLUm9eab8y3tqQ1OhQSHI,Pop
0KTDMHao38f23fe57Yui2O,The Last of Us,Gabriel Basco,The Last of Us,2025-05-13,168723,45,https://open.spotify.com/track/0KTDMHao38f23fe57Yui2O,Pop
7BRD7x5pt8Lqa1eGYC4dzj,CHIHIRO,Billie Eilish,HIT ME HARD AND SOFT,2024-05-17,303440,87,https://open.spotify.com/track/7BRD7x5pt8Lqa1eGYC4dzj,Pop
3SKH53SPQbEnZR4cJPVaz2,Messy,Lola Young,Messy,2024-05-30,284068,87,https://open.spotify.com/track/3SKH53SPQbEnZR4cJPVaz2,Pop
46kspZSY3aKmwQe7O77fCC,we can't be friends (wait for your love),Ariana Grande,eternal sunshine,2024-03-08,228639,79,https://open.spotify.com/track/46kspZSY3aKmwQe7O77fCC,Pop
142PiXzA84lmEw2RstFHFa,supernatural,Ariana Grande,eternal sunshine,2024-03-08,163381,84,https://open.spotify.com/track/142PiXzA84lmEw2RstFHFa,Pop
5vIuZADLB5qQd8ePTrLixP,I Don't Wanna Know,Gabriel Basco,I Don't Wanna Know,2025-07-24,157492,37,https://open.spotify.com/track/5vIuZADLB5qQd8ePTrLixP,Pop
5N3hjp1WNayUPZrA8kJmJP,Please Please Please,Sabrina Carpenter,Please Please Please,2024-06-06,186365,81,https://open.spotify.com/track/5N3hjp1WNayUPZrA8kJmJP,Pop
2N6md2JtrNake4sJ14KJ72,Shy,Reneé Rapp,BITE ME,2025-08-01,192260,75,https://open.spotify.com/track/2N6md2JtrNake4sJ14KJ72,Pop
7AKwWqnoMmvCqBQtcdIECG,ExtraL (feat. Doechii),"JENNIE, Doechii",ExtraL (feat. Doechii),2025-02-21,167754,74,https://open.spotify.com/track/7AKwWqnoMmvCqBQtcdIECG,Pop
4TwEdnSiTPDR1vg1QZ5K8W,Beautiful People,"David Guetta, Sia",Beautiful People,2025-03-07,187086,85,https://open.spotify.com/track/4TwEdnSiTPDR1vg1QZ5K8W,Pop
1d7Ptw3qYcfpdLNL5REhtJ,Taste,Sabrina Carpenter,Short n' Sweet,2024-08-23,157279,73,https://open.spotify.com/track/1d7Ptw3qYcfpdLNL5REhtJ,Pop
0WbMK4wrZ1wFSty9F7FCgu,"Good Luck, Babe!",Chappell Roan,"Good Luck, Babe!",2024-04-05,218423,91,https://open.spotify.com/track/0WbMK4wrZ1wFSty9F7FCgu,Pop
4CPuDVC8jhhK6lA2DIt8Cf,Born Again (feat. Doja Cat & RAYE),"LISA, Doja Cat, RAYE",Born Again (feat. Doja Cat & RAYE),2025-02-06,231174,75,https://open.spotify.com/track/4CPuDVC8jhhK6lA2DIt8Cf,Pop
2GxrNKugF82CnoRFbQfzPf,i like the way you kiss me,Artemas,i like the way you kiss me,2024-03-19,142514,82,https://open.spotify.com/track/2GxrNKugF82CnoRFbQfzPf,Pop
0GRc3eGTg8HBdWLRGYgqIc,Azizam,Ed Sheeran,Azizam,2025-04-04,162029,90,https://open.spotify.com/track/0GRc3eGTg8HBdWLRGYgqIc,Pop
02CrqOYzrJR8fYOffhvRZZ,number one girl,ROSÉ,number one girl,2024-11-22,216442,69,https://open.spotify.com/track/02CrqOYzrJR8fYOffhvRZZ,Pop
7ne4VBA60CxGM75vw0EYad,That’s So True,Gracie Abrams,The Secret of Us (Deluxe),2024-10-18,166300,92,https://open.spotify.com/track/7ne4VBA60CxGM75vw0EYad,Pop
1z5ebC9238uGoBgzYyvGpQ,toxic till the end,ROSÉ,rosie,2024-12-06,156685,82,https://open.spotify.com/track/1z5ebC9238uGoBgzYyvGpQ,Pop
7ov3TDp5D00Rnu5R1viX4w,New Woman (feat. ROSALÍA),"LISA, ROSALÍA",New Woman (feat. ROSALÍA),2024-08-15,179789,72,https://open.spotify.com/track/7ov3TDp5D00Rnu5R1viX4w,Pop
6Qb7YsAqH4wWFUMbGsCpap,Training Season,Dua Lipa,Training Season,2024-02-15,209487,75,https://open.spotify.com/track/6Qb7YsAqH4wWFUMbGsCpap,Pop
3SAga35lAPYdjj3qyfEsCF,Feel It (From “Invincible”),d4vd,Feel It (From “Invincible”),2024-03-28,157974,84,https://open.spotify.com/track/3SAga35lAPYdjj3qyfEsCF,Pop
5BZsQlgw21vDOAjoqkNgKb,DAISIES,Justin Bieber,SWAG,2025-07-11,176453,95,https://open.spotify.com/track/5BZsQlgw21vDOAjoqkNgKb,Pop
4cSp2hlUlAwgurjIqHN592,Ring Ring,MIRA,Ring Ring,2024-04-09,150588,57,https://open.spotify.com/track/4cSp2hlUlAwgurjIqHN592,Pop
0FTmksd2dxiE5e3rWyJXs6,back to friends,sombr,back to friends,2024-12-27,199032,97,https://open.spotify.com/track/0FTmksd2dxiE5e3rWyJXs6,Pop
2yWlGEgEfPot0lv3OAjuG3,Just Keep Watching (From F1® The Movie),"Tate McRae, F1 The Album",Just Keep Watching (From F1® The Movie),2025-05-30,142550,92,https://open.spotify.com/track/2yWlGEgEfPot0lv3OAjuG3,Pop
7ih7pYSRZgWCTXuOmrnXjX,Dame Un Grrr,"Fantomel, Kate Linn",Dame Un Grrr,2025-06-20,133220,81,https://open.spotify.com/track/7ih7pYSRZgWCTXuOmrnXjX,Pop
1WmBVbFmLt0w6zPP37TeCG,Illegal,PinkPantheress,Fancy That,2025-05-09,149666,87,https://open.spotify.com/track/1WmBVbFmLt0w6zPP37TeCG,Pop
4WFgvKVfEhb3IUAFGrutTR,Love Me Not,Ravyn Lenae,Bird's Eye,2024-08-09,213466,91,https://open.spotify.com/track/4WFgvKVfEhb3IUAFGrutTR,Pop
221eHga9f9Ne4f8D7WVgPT,Mystical Magical,Benson Boone,Mystical Magical,2025-04-24,165746,86,https://open.spotify.com/track/221eHga9f9Ne4f8D7WVgPT,Pop
5SxahezRlC0saXbCALfB7c,End of the World,Miley Cyrus,End of the World,2025-04-04,250483,78,https://open.spotify.com/track/5SxahezRlC0saXbCALfB7c,Pop
3Vr3zh0r7ALn8VLqCiRR10,Stargazing,Myles Smith,Stargazing,2024-05-10,172533,88,https://open.spotify.com/track/3Vr3zh0r7ALn8VLqCiRR10,Pop
5sK3SqHia7p5dXjdq1dluB,TU TU TU,"Clave Especial, Edgardo Nuñez",TU TU TU,2025-02-19,151570,77,https://open.spotify.com/track/5sK3SqHia7p5dXjdq1dluB,Pop
1tMRh8jiYlmatpVeWWesCe,On My Mind,"Alex Warren, ROSÉ",On My Mind,2025-06-27,189557,79,https://open.spotify.com/track/1tMRh8jiYlmatpVeWWesCe,Pop
7mdJAkMBPkKYOLxcVPDqa0,With You,Dean Lewis,With You,2025-01-09,189806,69,https://open.spotify.com/track/7mdJAkMBPkKYOLxcVPDqa0,Pop
64w75rrzxCw16mqFvEo8th,Carry You Home,Alex Warren,20s Country Songs,2024-07-19,166880,38,https://open.spotify.com/track/64w75rrzxCw16mqFvEo8th,Pop
2kZoOj1n5vk9BuF0sih58M,SOMEBODY LOVES ME,"PARTYNEXTDOOR, Drake",$ome $exy $ongs 4 U,2025-02-14,182767,81,https://open.spotify.com/track/2kZoOj1n5vk9BuF0sih58M,Pop
0WrWaXFATnUTQHeLkTK2JU,Home,"RAZZ, Joel Winterflood",Home,2024-02-16,169272,37,https://open.spotify.com/track/0WrWaXFATnUTQHeLkTK2JU,Pop
4Vvy29lp15NvfeqC8PAr6U,Love Again,MIRA,Love Again,2024-06-28,166800,55,https://open.spotify.com/track/4Vvy29lp15NvfeqC8PAr6U,Pop
3ZOEytgrvLwQaqXreDs2Jx,Can't Stop,Red Hot Chili Peppers,By the Way (Deluxe Edition),2002-07-09,269000,87,https://open.spotify.com/track/3ZOEytgrvLwQaqXreDs2Jx,Rock
3Jnxngdff0lVu2rza1GVx6,Paranoid - 2009 Remaster,Black Sabbath,Paranoid,1970-09-18,167720,85,https://open.spotify.com/track/3Jnxngdff0lVu2rza1GVx6,Rock
0hCB0YR03f6AmQaHbwWDe8,Whole Lotta Love - 1990 Remaster,Led Zeppelin,Led Zeppelin II (1994 Remaster),1969-10-22,333893,78,https://open.spotify.com/track/0hCB0YR03f6AmQaHbwWDe8,Rock
6Qyc6fS4DsZjB2mRW9DsQs,Iris,The Goo Goo Dolls,Dizzy up the Girl,1998,289533,92,https://open.spotify.com/track/6Qyc6fS4DsZjB2mRW9DsQs,Rock
6A1qZSENVbwBTZSljp1viz,Starman (Original Single Mix) - 2024 Remaster,David Bowie,Rock 'n' Roll Star!,2024-06-14,257575,49,https://open.spotify.com/track/6A1qZSENVbwBTZSljp1viz,Rock
7N3PAbqfTjSEU1edb2tY8j,Jump - 2015 Remaster,Van Halen,1984 (Remastered),1984-01-04,241599,79,https://open.spotify.com/track/7N3PAbqfTjSEU1edb2tY8j,Rock
1FTSo4v6BOZH9QxKc3MbVM,Song 2 - 2012 Remaster,Blur,Blur (Special Edition),1997-02-10,121160,79,https://open.spotify.com/track/1FTSo4v6BOZH9QxKc3MbVM,Rock
57bgtoPSgt236HzfBOd8kj,Thunderstruck,AC/DC,The Razors Edge,1990-09-24,292880,87,https://open.spotify.com/track/57bgtoPSgt236HzfBOd8kj,Rock
2KVwlelhxKUy8LVV6JypH3,Push,Matchbox Twenty,Yourself or Someone Like You,1996-10-01,238666,75,https://open.spotify.com/track/2KVwlelhxKUy8LVV6JypH3,Rock
70YvYr2hGlS01bKRIho1HM,La Grange - 2005 Remaster,ZZ Top,Tres Hombres (Expanded 2006 Remaster),1973-07-26,230480,10,https://open.spotify.com/track/70YvYr2hGlS01bKRIho1HM,Rock
0S3gpZzlT9Hb7CCSV2owX7,"Mama, I'm Coming Home",Ozzy Osbourne,No More Tears (Expanded Edition),1991-09-17,251866,83,https://open.spotify.com/track/0S3gpZzlT9Hb7CCSV2owX7,Rock
40riOy7x9W7GXjyGp4pjAv,Hotel California - 2013 Remaster,Eagles,Hotel California (2013 Remaster),1976-12-08,391376,85,https://open.spotify.com/track/40riOy7x9W7GXjyGp4pjAv,Rock
14XWXWv5FoCbFzLksawpEe,Riders on the Storm,The Doors,L.A. Woman,1971-04-19,434720,74,https://open.spotify.com/track/14XWXWv5FoCbFzLksawpEe,Rock
4Zc7TCHzuNwL0AFBlyLdyr,Run to the Hills - 2015 Remaster,Iron Maiden,The Number of the Beast (2015 Remaster),1982,233506,73,https://open.spotify.com/track/4Zc7TCHzuNwL0AFBlyLdyr,Rock
4KcH1ZRV2W1q7Flq0QqC76,Blitzkrieg Bop - 2016 Remaster,Ramones,Ramones (40th Anniversary Deluxe Edition; 2016 Remaster),1976-04-23,134466,72,https://open.spotify.com/track/4KcH1ZRV2W1q7Flq0QqC76,Rock
6nTiIhLmQ3FWhvrGafw2zj,American Idiot,Green Day,American Idiot,2004-09-21,176346,83,https://open.spotify.com/track/6nTiIhLmQ3FWhvrGafw2zj,Rock
755bvJDSA3LNcNuFgBT9LK,Iron Man - 2009 Remaster,Black Sabbath,Paranoid,1970-09-18,354213,80,https://open.spotify.com/track/755bvJDSA3LNcNuFgBT9LK,Rock
5IL3VPDy5siXiptYHF2aLS,Up From the Bottom,Linkin Park,Up From the Bottom,2025-03-27,183223,74,https://open.spotify.com/track/5IL3VPDy5siXiptYHF2aLS,Rock
756CJtQRFSxEx9jV4P9hpA,I Believe in a Thing Called Love,The Darkness,Permission to Land,2003-07-07,216453,73,https://open.spotify.com/track/756CJtQRFSxEx9jV4P9hpA,Rock
4h7bZNHnYP2umOomPbnfxG,Epic,Faith No More,The Real Thing (Deluxe Edition),1989-06-20,293653,54,https://open.spotify.com/track/4h7bZNHnYP2umOomPbnfxG,Rock
1f3yAtsJtY87CTmM8RLnxf,Smells Like Teen Spirit,Nirvana,Nevermind (Deluxe Edition),1991-09-26,301920,11,https://open.spotify.com/track/1f3yAtsJtY87CTmM8RLnxf,Rock
2nLtzopw4rPReszdYBJU6h,Numb,Linkin Park,Meteora,2003-03-25,187520,88,https://open.spotify.com/track/2nLtzopw4rPReszdYBJU6h,Rock
5BIMPccDwShpXq784RJlJp,Enter Sandman,Metallica,Metallica,1991-08-12,331573,7,https://open.spotify.com/track/5BIMPccDwShpXq784RJlJp,Rock
48UPSzbZjgc449aqz8bxox,Californication,Red Hot Chili Peppers,Californication (Deluxe Edition),1999-06-08,329733,86,https://open.spotify.com/track/48UPSzbZjgc449aqz8bxox,Rock
2PzU4IB8Dr6mxV3lHuaG34,(I Can't Get No) Satisfaction - Mono,The Rolling Stones,Out Of Our Heads,1965-07-30,222813,78,https://open.spotify.com/track/2PzU4IB8Dr6mxV3lHuaG34,Rock
57JVGBtBLCfHw2muk5416J,Another One Bites The Dust - Remastered 2011,Queen,The Game (Deluxe Remastered Version),1980-06-27,214653,74,https://open.spotify.com/track/57JVGBtBLCfHw2muk5416J,Rock
51H2y6YrNNXcy3dfc3qSbA,When Doves Cry,Prince,Purple Rain,1984-06-25,352906,6,https://open.spotify.com/track/51H2y6YrNNXcy3dfc3qSbA,Rock
78lgmZwycJ3nzsdgmPPGNx,Immigrant Song - Remaster,Led Zeppelin,Led Zeppelin III (Remaster),1970,146250,79,https://open.spotify.com/track/78lgmZwycJ3nzsdgmPPGNx,Rock
3jYltnWyiZPeIrfl6iwQOQ,Home Again,Shihad,Shihad,1996,215706,34,https://open.spotify.com/track/3jYltnWyiZPeIrfl6iwQOQ,Rock
7oK9VyNzrYvRFo7nQEYkWN,Mr. Brightside,The Killers,Hot Fuss,2004-06-15,222586,10,https://open.spotify.com/track/7oK9VyNzrYvRFo7nQEYkWN,Rock
5G1sTBGbZT5o4PNRc75RKI,Lonely Boy,The Black Keys,El Camino,2011-12-06,193653,69,https://open.spotify.com/track/5G1sTBGbZT5o4PNRc75RKI,Rock
4yugZvBYaoREkJKtbG08Qr,Take It Easy - 2013 Remaster,Eagles,Eagles (2013 Remaster),1972-06-01,211577,81,https://open.spotify.com/track/4yugZvBYaoREkJKtbG08Qr,Rock
3KPwt1LBpt1jVSHz8GXERo,Feel like Makin' Love - 2015 Remaster,Bad Company,Straight Shooter,1975,313840,67,https://open.spotify.com/track/3KPwt1LBpt1jVSHz8GXERo,Rock
15tHagkk8z306XkyOHqiip,"I'll Be There for You - Theme From ""Friends""",The Rembrandts,L.P.,1995-05-02,188359,68,https://open.spotify.com/track/15tHagkk8z306XkyOHqiip,Rock
5vYA1mW9g2Coh1HUFUSmlb,3AM,Matchbox Twenty,Yourself or Someone Like You,1996-10-01,225946,74,https://open.spotify.com/track/5vYA1mW9g2Coh1HUFUSmlb,Rock
5CQ30WqJwcep0pYcV4AMNc,Stairway to Heaven - Remaster,Led Zeppelin,Led Zeppelin IV (Deluxe Edition),1971-11-08,482830,80,https://open.spotify.com/track/5CQ30WqJwcep0pYcV4AMNc,Rock
4bEb3KE4mSKlTFjtWJQBqO,Don't Stop - 2004 Remaster,Fleetwood Mac,Rumours,1977-02-04,193346,77,https://open.spotify.com/track/4bEb3KE4mSKlTFjtWJQBqO,Rock
7Jh1bpe76CNTCgdgAdBw4Z,Heroes - 2017 Remaster,David Bowie,"""Heroes"" (2017 Remaster)",1977,371413,76,https://open.spotify.com/track/7Jh1bpe76CNTCgdgAdBw4Z,Rock
3d9DChrdc6BOeFsbrZ3Is0,Under the Bridge,Red Hot Chili Peppers,Blood Sugar Sex Magik (Deluxe Edition),1991-09-24,264306,85,https://open.spotify.com/track/3d9DChrdc6BOeFsbrZ3Is0,Rock
2m1hi0nfMR9vdGC8UcrnwU,All The Small Things,blink-182,Enema Of The State,1999-06-01,167066,82,https://open.spotify.com/track/2m1hi0nfMR9vdGC8UcrnwU,Rock
0ofHAoxe9vBkTCp2UQIavz,Dreams - 2004 Remaster,Fleetwood Mac,Rumours (Super Deluxe),1977-02-04,257800,91,https://open.spotify.com/track/0ofHAoxe9vBkTCp2UQIavz,Rock
6L89mwZXSOwYl76YXfX13s,Basket Case,Green Day,Dookie,1994-02-01,181533,84,https://open.spotify.com/track/6L89mwZXSOwYl76YXfX13s,Rock
02tuq9VGMAQpYYp70z2fBI,Take Me Away (from Freaky Friday),Lash,The Beautiful And The Damned,2002,213800,59,https://open.spotify.com/track/02tuq9VGMAQpYYp70z2fBI,Rock
5SAUIWdZ04OxYfJFDchC7S,Smoke on the Water,Deep Purple,Machine Head,1972-03-25,342173,65,https://open.spotify.com/track/5SAUIWdZ04OxYfJFDchC7S,Rock
0gzqZ9d1jIKo9psEIthwXe,Beautiful Day,U2,All That You Can't Leave Behind,2000-01-01,248400,74,https://open.spotify.com/track/0gzqZ9d1jIKo9psEIthwXe,Rock
62LJFaYihsdVrrkgUOJC05,Kiss,Prince,Parade - Music from the Motion Picture Under the Cherry Moon,1986-03-31,226240,75,https://open.spotify.com/track/62LJFaYihsdVrrkgUOJC05,Rock
4VqPOruhp5EdPBeR92t6lQ,Uprising,Muse,The Resistance,2009-09-10,304840,78,https://open.spotify.com/track/4VqPOruhp5EdPBeR92t6lQ,Rock
6Amt2E3nanH9lhZnas9oOs,Run to Paradise,Choirboys,Big Bad Noise,1987,251586,62,https://open.spotify.com/track/6Amt2E3nanH9lhZnas9oOs,Rock
5UWwZ5lm5PKu6eKsHAGxOk,Everlong,Foo Fighters,The Colour And The Shape,1997-05-20,250546,84,https://open.spotify.com/track/5UWwZ5lm5PKu6eKsHAGxOk,Rock
1Q1b8eVkUPGlpSArl8JAVw,Heart of Gold - 2009 Remaster,Neil Young,Harvest (2009 Remaster),1972-02-14,187013,65,https://open.spotify.com/track/1Q1b8eVkUPGlpSArl8JAVw,Rock
